{"cameraMode":{"drawMode":0,"name":"Shaded","section":"Shading Mode"},"sceneLighting":false,"audioPlay":false,"sceneViewState":{"showFog":true,"showMaterialUpdate":false,"showSkybox":true,"showFlares":true,"showImageEffects":true,"showParticleSystems":true},"in2DMode":false,"pivot":{"x":8.308809280395508,"y":-5.2636871337890629,"z":0.0399627685546875},"rotation":{"x":-0.050926536321640018,"y":-0.948215663433075,"z":0.24142548441886903,"w":-0.20001837611198426},"size":22.0,"orthographic":false}