{"cameraMode":{"drawMode":0,"name":"Shaded","section":"Shading Mode"},"sceneLighting":false,"audioPlay":false,"sceneViewState":{"showFog":true,"showMaterialUpdate":false,"showSkybox":true,"showFlares":true,"showImageEffects":true,"showParticleSystems":true},"in2DMode":false,"pivot":{"x":1.8385118246078492,"y":-3.9206178188323976,"z":4.135260581970215},"rotation":{"x":-0.33120769262313845,"y":-0.17494264245033265,"z":0.06263495236635208,"w":-0.9250802397727966},"size":9.387153625488282,"orthographic":false}