{"cameraMode":{"drawMode":0,"name":"Shaded","section":"Shading Mode"},"sceneLighting":false,"audioPlay":false,"sceneViewState":{"showFog":true,"showMaterialUpdate":false,"showSkybox":true,"showFlares":true,"showImageEffects":true,"showParticleSystems":true},"in2DMode":false,"pivot":{"x":-0.378277063369751,"y":8.583555221557618,"z":14.617239952087403},"rotation":{"x":-0.1818872094154358,"y":-0.06573101878166199,"z":0.012186532840132714,"w":-0.9810444116592407},"size":32.605079650878909,"orthographic":false}