{"cameraMode":{"drawMode":0,"name":"Shaded","section":"Shading Mode"},"sceneLighting":true,"audioPlay":false,"sceneViewState":{"showFog":true,"showMaterialUpdate":false,"showSkybox":true,"showFlares":true,"showImageEffects":true,"showParticleSystems":true},"in2DMode":false,"pivot":{"x":2.384185791015625e-7,"y":5.0,"z":-4.76837158203125e-7},"rotation":{"x":-0.10210572183132172,"y":-0.02625928446650505,"z":0.002696217503398657,"w":-0.9944232702255249},"size":40.89140701293945,"orthographic":false}