{"cameraMode":{"drawMode":0,"name":"Shaded","section":"Shading Mode"},"sceneLighting":false,"audioPlay":false,"sceneViewState":{"showFog":true,"showMaterialUpdate":false,"showSkybox":true,"showFlares":true,"showImageEffects":true,"showParticleSystems":true},"in2DMode":false,"pivot":{"x":700.5443725585938,"y":578.760009765625,"z":24.4337158203125},"rotation":{"x":-0.10210572183132172,"y":-0.02625928446650505,"z":0.002696217503398657,"w":-0.9944232702255249},"size":1253.8885498046875,"orthographic":false}