{"cameraMode":{"drawMode":0,"name":"Shaded","section":"Shading Mode"},"sceneLighting":false,"audioPlay":false,"sceneViewState":{"showFog":true,"showMaterialUpdate":false,"showSkybox":true,"showFlares":true,"showImageEffects":true,"showParticleSystems":true},"in2DMode":false,"pivot":{"x":919.5430908203125,"y":484.546142578125,"z":10.774017333984375},"rotation":{"x":-0.016804484650492669,"y":-0.026395758613944055,"z":0.0004437510797288269,"w":-0.9995102882385254},"size":247.50112915039063,"orthographic":false}